NAME,PROCESSOR,RAM,HDD,NO,SSD,DISPLAY,OPERATING SYSTEM,",",IMAGE-src
Apple MacBook 12inch MNYM2HN/A Laptop (Intel Core M3/ 8GB/ 256GB SSD/ Mac OS),Intel Core m3 7th Gen,8 GB DDR3 RAM,NO,256 GB SSD,Intel Integrated HD 615,"12 inches, 2304 x 1440 pixels",Mac OS,"32,311",https://cdn1.smartprix.com/rx-ip4YmUdyz-w103-h125/apple-macbook-12inch.jpg
Apple MacBook Pro 13inch MD101HN/A Laptop (Ci5/ 4GB/ 500GB/ Mac OS X Lion),Intel Core i5 3rd Gen,4 GB DDR3 RAM,500 GB Hard Disk,NO,Intel HD Graphics 4000,"13.3 inches, 1280 x 800 pixels",Mac OS,"34,000",https://cdn1.smartprix.com/rx-in8gV5RST-w103-h125/apple-macbook-pro-13.jpg
Apple MacBook Air 11 inch MD223HN/A Laptop (2nd Gen Ci5/ 4GB/ 500GB/ Mac OS X Lion),Intel Core i5 2nd Gen,4 GB DDR3 RAM,64 GB Hard Disk,NO,Intel HD Graphics 4000,"11 inches, 1366 x 768 pixels",Mac OS,"49,999",https://cdn1.smartprix.com/rx-ilmQFAlgW-w103-h125/apple-macbook-air-11.jpg
Apple MacBook Pro MF839HN Laptop (5th Gen Ci5/ 8GB/ 128GB/ Mac OS X Yosemite),Intel Core i5 5th Gen,8 GB DDR3 RAM,NO,NO,Intel Iris Graphics 6100,"13.5 inches, 2560 x 1600 pixels",Mac OS,"51,000",https://cdn1.smartprix.com/rx-iyvYL7m4x-w103-h125/apple-macbook-pro-mf.jpg
Apple MacBook Air 11 inch MD711HN/B Laptop (Ci5/ 4GB/ 128GB Flash/ Mac OS X Mavericks),Intel 4th Gen 0U Core i5,4 GB DDR3 RAM,NO,NO,Intel HD Graphics 5000,"11 inches, 1366 x 768 pixels",Mac OS,"55,000",https://cdn1.smartprix.com/rx-ie8o2tprn-w103-h125/apple-macbook-air-11.jpg
Apple MacBook Air 11inch MJVM2HN/A Laptop (5th Gen Ci5/ 4GB/ 128GB SSD/ OS X Yosemite),Intel Core i5 5th Gen,4 GB DDR3 RAM,NO,NO,Intel HD Graphics 5500,"11.6 inches, 1366 x 768 pixels",Backlit Keyboard,"56,674",https://cdn1.smartprix.com/rx-i7s3kSjOs-w103-h125/apple-macbook-air-11.jpg
Apple MacBook Air 11 inch MD711HN/A Laptop (4th Gen Ci5/ 4GB/ 128GB Flash/ Mac OS X Mountain Lion),Intel Core i5 4th Gen,4 GB DDR3 RAM,128 GB Hard Disk,NO,Intel HD Graphics 5000,"11 inches, 1366 x 768 pixels",Mac OS,"56,790",https://cdn1.smartprix.com/rx-ipTe83fT6-w103-h125/apple-macbook-air-11.jpg
Apple MacBook Air 13inch MJVE2HN/A Laptop (Core i5/ 4GB/ 128GB SSD/ OS X Yosemite),Intel Core i5 5th Gen,4 GB DDR3 RAM,NO,128 GB SSD,Intel HD Graphics 6000,"13.3 inches, 1440 x 900 pixels",Mac OS,"56,999",https://cdn1.smartprix.com/rx-iS2SeCdZA-w103-h125/apple-macbook-air-13.jpg
Apple MacBook Air MREE2HN Ultrabook (8th Gen Ci5/ 8GB/ 128GB SSD/ MacOS Mojave),Intel Core i5 8th Gen,8 GB LPDDR3 RAM,NO,128 GB SSD,Intel UHD 617,"13.3 inches, 2560 x 1600 pixels",Mac OS,"57,450",https://cdn1.smartprix.com/rx-iyl5wL3uu-w103-h125/apple-macbook-air-mr.jpg
Apple MacBook Air MQD32HN/A Laptop (Ci5/ 8GB/ 128GB/ MacOS Sierra),Intel Core i5 5th Gen,8 GB DDR3 RAM,NO,128 GB SSD,Intel HD Graphics 6000,"13.3 inches, 1440 x 900 pixels",Mac OS,"58,999",https://cdn1.smartprix.com/rx-iv9zmdsLG-w103-h125/apple-macbook-air-mq.webp
Apple MacBook Air 13 inch MD760HN/B Laptop (Ci5/ 4GB/ 128GB Flash/ Mac OS X Mavericks),Intel 4th Gen Core i5,4 GB DDR3 RAM,NO,NO,Intel HD Graphics 5000,"13 inches, 1440 x 900 pixels",Mac OS,"60,693",https://cdn1.smartprix.com/rx-ihjftVfCv-w103-h125/apple-macbook-air-13.jpg
Apple MacBook Air 11 inch MD712HN/B Laptop (Ci5/ 4GB/ 256 GB Flash/ Mac OS X Mavericks),Intel 4th Gen Core i5,4 GB DDR3 RAM,Intel HD Graphics 5000,NO,NO,"11 inches, 1366 x 768 pixels",Mac OS,"65,900",https://cdn1.smartprix.com/rx-iswZPC8F7-w103-h125/apple-macbook-air-11.jpg
Apple MacBook Air 13 inch MD232HN/A Laptop (2nd Gen Ci5/ 4GB/ 750GB/ Mac OS X Lion),Intel Core i5 2nd Gen,4 GB DDR3 RAM,256 GB Hard Disk,NO,Intel HD Graphics 4000,"13 inches, 1440 x 900 pixels",Mac OS,"69,000",https://cdn1.smartprix.com/rx-iE0dHmKHO-w103-h125/apple-macbook-air-13.jpg
Apple MacBook Air 13 inch MD760HN/A Laptop (4th Gen Ci5/ 4GB/ 128GB Flash/ Mac OS X Mountain Lion),Intel Core i5 4th Gen,4 GB DDR3 RAM,128 GB Hard Disk,NO,Intel HD Graphics 5000,"13 inches, 1440 x 900 pixels",Mac OS,"69,400",https://cdn1.smartprix.com/rx-i1r7GHN1x-w103-h125/apple-macbook-air-13.jpg
Apple MacBook Air 13inch MJVG2HN/A Notebook (5th Gen Intel Ci5/ 4GB/ 256GB SSD/ OS X Yosemite),Intel Core i5,4 GB DDR3 RAM,NO,NO,Intel HD Graphics 6000,"13.17 inches, 1440 x 900 pixels",Mac OS,"69,520",https://cdn1.smartprix.com/rx-i289HoFqY-w103-h125/apple-macbook-air-13.jpg
Apple Macbook 12inch MF855HN/A Notebook (5th Gen Intel Dual Core/ 8GB/ 256GB SSD/ Mac OS X Yosemite),Intel,8 GB DDR3 RAM,NO,NO,Intel HD Graphics 5300,"12 inches, 2304 x 1440 pixels",Mac OS,"69,900",https://cdn1.smartprix.com/rx-izM8FiLTz-w103-h125/apple-macbook-12inch.jpg
Apple MacBook Air 13inch MQD42HN/A Laptop (Ci5/ 8GB/ 256GB/ MacOS),Intel Core i5 5th Gen,8 GB DDR3 RAM,NO,256 GB SSD,Intel Integrated HD Graphics 6000,"13.3 inches, 1440 x 900 pixels",Mac OS,"70,499",https://cdn1.smartprix.com/rx-iCO71E3UT-w103-h125/apple-macbook-air-13.jpg
Asus TUF Gaming A15 FA506II-AL117T Laptop (AMD Ryzen 5/ 8 GB/ 1TB 256GB SSD/ Win10/ 4GB Graph),AMD Ryzen 5 4th Gen,8 GB DDR4 RAM,1 TB Hard Disk,256 GB SSD,4 GB NVIDIA Graphics Card,"15.6 inches, 1920 x 1080 pixels",Mac OS,"70,990",https://cdn1.smartprix.com/rx-ikB5LRwkQ-w103-h125/asus-tuf-gaming-a15.webp
Apple MacBook Air 2020 Laptop (10th Gen Core i3/ 8GB/ 256GB/ MacOS),Intel Core i3 10th Gen,8 GB LPDDR4X RAM,NO,256 GB SSD,Intel Iris Plus,"13.3 inches, 2560 x 1600 pixels","Mac 10.15.3	 OS","72,999",https://cdn1.smartprix.com/rx-ip4KYw4KB-w103-h125/apple-macbook-air-20.webp
Apple MacBook Air 11 inch  MD712HN/A Laptop (4th Gen Ci5/ 4GB/ 256GB Flash/ Mac OS X Mountain Lion),Intel Core i5 4th Gen,4 GB DDR3 RAM,256 GB Hard Disk,NO,Intel HD Graphics 5000,"11 inches, 1366 x 768 pixels",Mac OS,"73,800",https://cdn1.smartprix.com/rx-i7pdExrfr-w103-h125/apple-macbook-air-11.jpg
Apple MacBook Air 13 inch MD761HN/B Laptop (Ci5/ 4GB/ 256GB Flash/ Mac OS X Mavericks),Intel 4th Gen Core i5,4 GB DDR3 RAM,NO,NO,Intel HD Graphics 5000,"13 inches, 1440 x 900 pixels",Mac OS,"74,499",https://cdn1.smartprix.com/rx-iJhVP6LzQ-w103-h125/apple-macbook-air-13.jpg
Apple MacBook Pro MGX72HN Notebook (4th Gen Ci5/ 8GB/ 128GB SSD/ Mac OS X Mavericks/ Retina Display),Intel Core i5 4th Gen,8 GB DDR3 RAM,NO,128 GB SSD,Intel Integrated,"13.17 inches, 2560 x 1600 pixels",Mac OS,"75,000",https://cdn1.smartprix.com/rx-iubtGrIKf-w103-h125/apple-macbook-pro-mg.jpg
Apple MacBook Air 11inch MJVP2HN/A Notebook (5th Gen Intel Ci5/ 4GB/ 256GB SSD/ OS X 10.10 Yosemite),Intel Core i5 5th Gen,4 GB DDR3 RAM,NO,NO,Intel HD Graphics 2500,"11.6 inches, 1366 x 768 pixels",Mac OS,"75,905",https://cdn1.smartprix.com/rx-injQARjPS-w103-h125/apple-macbook-air-11.jpg
Apple MacBook Air 13inch MMGG2HN/A Laptop (Ci5/ 8GB/ 256GB/ OS X El Capitan),Intel Core i5 5th Gen,8 GB  RAM,256 GB Hard Disk,256 GB SSD,Intel HD Graphics 6000,"13.3 inches, 1440 x 900 pixels",Mac OS,"75,999",https://cdn1.smartprix.com/rx-i8mIjgJeQ-w103-h125/apple-macbook-air-13.jpg
Apple MacBook Pro MD101HN/A Laptop (3rd Gen Ci5/ 16GB/ 500GB/ Mac OS X Lion),Intel Core i5 3rd Gen,16 GB DDR3 RAM,500 GB Hard Disk,NO,Intel HD 4000,"13.3 inches, 1280 x 800 pixels",Mac OS,"76,000",https://cdn1.smartprix.com/rx-i1KNi8T0j-w103-h125/apple-macbook-pro-md.jpg
Apple MacBook Air 13 inch MD761HN/A Laptop (4th Gen Ci5/ 4GB/ 256GB Flash/ Mac OS X Mountain Loin),Intel Core i5 4th Gen,4 GB DDR3 RAM,256 GB Hard Disk,NO,Intel HD Graphics 5000,"13 inches, 1440 x 900 pixels",Mac OS,"77,999",https://cdn1.smartprix.com/rx-i9L1rH01Y-w103-h125/apple-macbook-air-13.jpg
Apple MacBook Air 13inch MMGF2HN/A Laptop (Ci5/ 8GB/ 128GB Flash/ Mac OS X),Intel Core i5 5th Gen,8 GB  RAM,128 GB Hard Disk,128 GB SSD,Intel HD Graphics 6000,"13.3 inches, 1400 x 900 pixels",Mac OS,"80,900",https://cdn1.smartprix.com/rx-iZ7SlEx2U-w103-h125/apple-macbook-air-13.webp
Apple MacBook Pro 13 inch MD212HN/A Laptop (3rd Gen Ci5/ 8GB/ 128GB Flash/ Mac OS X Mountain Lion/ Retina Display),Intel Core i5 3rd Gen,8 GB DDR3 RAM,128 GB Hard Disk,NO,Intel HD Graphics 4000,"13 inches, 2560 x 1600 pixels",Mac OS,"85,995",https://cdn1.smartprix.com/rx-ieztouWUF-w103-h125/apple-macbook-pro-13.jpg
Apple Macbook 12inch MJY32HN/A Notebook (5th Gen Intel Dual Core/ 8GB/ 256GB SSD/ Mac OS X Yosemite),Intel,8 GB DDR3 RAM,NO,NO,Intel HD Graphics 5300,"12 inches, 2304 x 1440 pixels",Mac OS,"89,899",https://cdn1.smartprix.com/rx-iSzpySAxH-w103-h125/apple-macbook-12inch.jpg
Apple MacBook Air MVFM2HN Laptop (8th Gen Core i5/ 8GB/ 128GB SSD/ Mac OS Mojave),Intel Core i5 8th Gen,8 GB DDR3 RAM,NO,128 GB SSD,Intel Integrated UHD 617,"13.3 inches, 2560 x 1600 pixels",Mac OS,"89,900",https://cdn1.smartprix.com/rx-i2gYzchSM-w103-h125/apple-macbook-air-mv.jpg
Apple MacBook Air MVFK2HN (8th Gen Core i5/ 8GB/ 128GB SSD/ Mac OS Mojave),Intel Core i5 8th Gen,8 GB DDR3 RAM,NO,128 GB SSD,Intel Integrated UHD 617,"13.3 inches, 2560 x 1600 pixels",Mac OS,"89,900",https://cdn1.smartprix.com/rx-iB4qbYvHL-w103-h125/apple-macbook-air-mv.jpg
Apple MacBook Air MWTK2HN Laptop (10th Gen Core i3/ 8GB/ 256GB SSD/ Mac OS Catalina),Intel Core i3 10th Gen,8 GB LPDDR4X RAM,NO,256 GB SSD,Intel Integrated Iris Plus,"13.3 inches, 2560 x 1600 pixels",Mac OS,"89,986",https://cdn1.smartprix.com/rx-iSvKCNfEn-w103-h125/apple-macbook-air-mw.webp
Apple MacBook MRQN2HN Ultrabook (7th Gen Core M3/ 8GB/ 256GB SSD/ MacOS Mojave),Intel Core M3 7th Gen,8 GB LPDDR3 RAM,NO,256 GB SSD,Intel HD 615,"12 inches, 2304 x 1440 pixels",Mac OS,"89,990",https://cdn1.smartprix.com/rx-i8L50hZGL-w103-h125/apple-macbook-mrqn2h.jpg
Apple MacBook Air 2020 MVH52HN Laptop (10th Gen Core i5/ 8GB/ 512GB/ MacOS),Intel Core i5 10th Gen,8 GB LPDDR4X RAM,NO,512 GB SSD,Intel Integrated Iris Plus,"13.3 inches, 2560 x 1600 pixels",Mac OS," 90,000 ",https://cdn1.smartprix.com/rx-iCavKx1r2-w103-h125/apple-macbook-air-20.webp
Apple MacBook Pro 13inch ME865HN/A Laptop (2nd Gen Ci5/ 8GB/ 256GB SSD/ Mac OS X Mavericks/ Retina Display),Intel 2nd Gen Core i5 4th Gen,8 GB DDR3 RAM,NO,NO,Intel Iris Graphics,"13.3 inches, 2560 x 1600 pixels",Mac OS,"92,900",https://cdn1.smartprix.com/rx-ixCvmcHSw-w103-h125/apple-macbook-pro-13.jpg
Apple Macbook 12inch MF865HN/A Notebook (5th Gen Intel Dual Core/ 8GB/ 512GB SSD/ Mac OS X Yosemite),Intel Core m5 5th Gen,8 GB DDR3 RAM,NO,512 GB SSD,Intel Integrated HD5300,"12 inches, 2304 x 1440 pixels",Mac OS,"93,144",https://cdn1.smartprix.com/rx-iYnbXbLak-w103-h125/apple-macbook-12inch.jpg
Apple MacBook Pro 13 inch MD102HN/A Laptop (3rd Gen Ci7/ 8GB/ 750GB/ Mac OS X Mountain Lion),Intel Core i7 3rd Gen,8 GB DDR3 RAM,750 GB Hard Disk,NO,Intel HD Graphics 4000,"13 inches, 1280 x 800 pixels",Mac OS,"93,950",https://cdn1.smartprix.com/rx-iEDAIych3-w103-h125/apple-macbook-pro-13.jpg
Apple MacBook Air MVFH2HN Laptop (8th Gen Core i5/ 8GB/ 128GB SSD/ Mac OS Mojave),Intel Core i5 8th Gen,8 GB DDR3 RAM,NO,128 GB SSD,Intel Integrated UHD 617,"13.3 inches, 2560 x 1600 pixels",Mac OS,"94,990",https://cdn1.smartprix.com/rx-ijXqgpK9x-w103-h125/apple-macbook-air-mv.jpg
Apple MacBook Pro 13inch MF840HN/A Laptop (Ci5/ 8GB/ 256GB SSD/ Mac OS X Yosemite),Intel Core i5,8 GB DDR3 RAM,NO,NO,Intel Iris Graphics 6100,"13.17 inches, 2560 x 1600 pixels",Mac OS,"96,000",https://cdn1.smartprix.com/rx-iTenLrUrx-w103-h125/apple-macbook-pro-13.jpg
Apple Macbook 12inch MK4M2HN/A Notebook (5th Gen Intel Dual Core/ 8GB/ 256GB SSD/ Mac OS X Yosemite),Intel,8 GB DDR3 RAM,NO,NO,Intel HD Graphics 5300,"12 inches, 2304 x 1440 pixels",Mac OS,"97,500",https://cdn1.smartprix.com/rx-iszy0J9n3-w103-h125/apple-macbook-12inch.jpg
Apple MacBook Pro 13.3inch MPXQ2HN/A Laptop (7th Gen Ci5/ 8GB/ 128GB/ Mac OS),Intel Core i5 7th Gen,8 GB DDR3 RAM,NO,128 GB SSD,Intel Integrated Iris Plus Graphics 640,"13.3 inches, 2560 x 1600 pixels",Mac OS,"97,933",https://cdn1.smartprix.com/rx-ix6qQ26o2-w103-h125/apple-macbook-pro-13.jpg
Apple MacBook Pro MPXR2HN/A Ultrabook (7th Gen Ci5/ 8GB/ 128GB SSD/ MacOS Sierra),Intel Core i5 7th Gen,8 GB DDR3 RAM,NO,128 GB SSD,Intel Integrated Iris Plus Graphics 640,"13.3 inches, 2560 x 1600 pixels",Mac OS,"98,243",https://cdn1.smartprix.com/rx-iOzCCi3Oc-w103-h125/apple-macbook-pro-mp.jpg
Apple MacBook Pro 13 inch ME864HN/A Laptop (4th Gen Ci5/ 4GB/ 128GB Flash/ Mac OS X Mavericks/ Retina Display),Intel Core i5 4th Gen,4 GB DDR3 RAM,128 GB Hard Disk,NO,Intel Iris Graphics,"13.3 inches, 2560 x 1600 pixels",Mac OS,"98,900",https://cdn1.smartprix.com/rx-iqRUxLNbC-w103-h125/apple-macbook-pro-13.jpg
Apple MacBook Pro 13 inch MGX82HN/A Notebook (Ci5/ 8GB/ 256GB SSD/ Mac OS X Mavericks/ Retina Display),Intel 4th Gen Core i5,8 GB DDR3 RAM,NO,NO,Intel Iris Graphics,"13.3 inches, 2560 x 1600 pixels",Mac OS,"99,900",https://cdn1.smartprix.com/rx-ilOlXokbE-w103-h125/apple-macbook-pro-13.jpg
Apple MacBook Pro 13 inch MGX92HN/A Notebook (Ci5/ 8GB/ 512GB SSD/ Mac OS X Mavericks/ Retina Display),Intel 4th Gen Core i5,8 GB DDR3 RAM,NO,NO,Intel Iris Graphics,"13.3 inches, 2560 x 1600 pixels",Mac OS,"99,900",https://cdn1.smartprix.com/rx-iU6TDR5sZ-w103-h125/apple-macbook-pro-13.jpg
Apple Macbook 12inch MK4N2HN/A Notebook (5th Gen Intel Dual Core/ 8GB/ 512GB SSD/ Mac OS X Yosemite),Intel 5th Gen,8 GB DDR3 RAM,NO,256 GB SSD,Intel HD Graphics 5300,"12 inches, 2304 x 1440 pixels",Mac OS,"1,00,000",https://cdn1.smartprix.com/rx-ilBLL43Ff-w103-h125/apple-macbook-12inch.jpg
Apple MacBook Air MREC2HN Ultrabook (8th Gen Ci5/ 8GB/ 256GB SSD/ MacOS Mojave),Intel Core i5 8th Gen,8 GB LPDDR3 RAM,NO,256 GB SSD,Intel UHD 617,"13.3 inches, 2560 x 1600 pixels",Mac OS,"1,03,000",https://cdn1.smartprix.com/rx-iKhMTZJNA-w103-h125/apple-macbook-air-mr.jpg
Apple MacBook Air MVFJ2HN (8th Gen Core i5/ 8GB/ 256GB SSD/ Mac OS Mojave),Intel Core i5 8th Gen,8 GB DDR3 RAM,NO,256 GB SSD,Intel Integrated UHD 617,"13.3 inches, 2560 x 1600 pixels",Mac OS,"1,04,000",https://cdn1.smartprix.com/rx-iyE5jCsgu-w103-h125/apple-macbook-air-mv.jpg
Apple MacBook Pro MUHN2HN Laptop (8th Gen Core i5/ 8GB/ 128GB SSD/ Mac OS Mojave),Intel Core i5 8th Gen,8 GB DDR3 RAM,NO,128 GB SSD,Intel Integrated Iris Plus 645,"13.3 inches, 2560 x 1600 pixels",Mac Mojave OS,"1,05,000",https://cdn1.smartprix.com/rx-iH9qVS0tr-w103-h125/apple-macbook-pro-mu.jpg
Apple MacBook MNYF2HN/A (7th Gen Core M3/ 8GB/ 256GB SSD/ Mac OS Sierra),Intel Core m3 7th Gen,8 GB DDR3 RAM,NO,256 GB SSD,Intel Integrated HD 615,"12 inches, 2304 x 1440 pixels",Mac OS,"1,05,000",https://cdn1.smartprix.com/rx-iELHfmzvz-w103-h125/apple-macbook-mnyf2h.jpg
Apple MacBook MNYH2HN Ultrabook (7th Gen Core M3 / 8GB/ 256GB SSD/ MacOS Sierra),Intel Core M3-7Y32 7th Gen,8 GB LPDDR3 RAM,NO,256 GB SSD,Intel HD 615,"12 inches, 2304 x 1440 pixels",Mac OS," 1,05,000 ",https://cdn1.smartprix.com/rx-i79yBOdCs-w103-h125/apple-macbook-mnyh2h.jpg
Apple ME865HN/A Macbook Pro Laptop(Intel Core i5 /8 GB/500GB/ Intel HD Graphics 4000 Graph/Mac OS),Intel 2nd Gen Core i5,8 GB DDR3 RAM,NO,NO,Intel Iris Graphics,"13.3 inches, 2560 x 1600 pixels",Mac OS,"1,07,000",https://cdn1.smartprix.com/rx-idWv5nNYg-w103-h125/apple-me865hn-a-macb.jpg
Apple MacBook Air MRE82HN Ultrabook (8th Gen Ci5/ 8GB/ 128GB SSD/ Mac OS),Intel Core i5 8th Gen,8 GB LPDDR3 RAM,NO,128 GB SSD,Intel UHD 617,"13.3 inches, 2560 x 1600 pixels",Mac OS,"1,07,000",https://cdn1.smartprix.com/rx-ijdcXKCsD-w103-h125/apple-macbook-air-mr.jpg
Apple MacBook Air MREA2HN Ultrabook ( 8th Gen Ci5/ 8GB/ 128GB SSD/ MacOS Mojave),Intel Core i5 8th Gen,8 GB LPDDR3 RAM,NO,128 GB SSD,Intel UHD 617,"13.3 inches, 2560 x 1600 pixels",Mac OS,"1,07,000",https://cdn1.smartprix.com/rx-iYHfhs2jq-w103-h125/apple-macbook-air-mr.jpg
Apple MacBook Air 2018 With Retina Display Laptop (Intel Core i5/ 8GB/ 128GB/ MacOS),Intel Core i5 8th Gen,8 GB LPDDR3 RAM,NO,128 GB SSD,Intel UHD Graphics 617,"13.3 inches, 2560 x 1600 pixels",Mac OS," 1,07,000 ",https://cdn1.smartprix.com/rx-i8EWcILO6-w103-h125/apple-macbook-air-20.jpg
Apple MacBook Pro 13 inch ME662HN/A Laptop (2nd Gen Ci5/ 8GB/ 500GB/ Mac OS X Mountain Lion/ Retina Display),Intel Core i5 2nd Gen,8 GB DDR3 RAM,256 GB Hard Disk,NO,Intel HD Graphics 4000,"13 inches, 2560 x 1600 pixels",Mac OS,"1,08,000",https://cdn1.smartprix.com/rx-iclNc12Fp-w103-h125/apple-macbook-pro-13.jpg
Apple MacBook Pro MUHQ2HN/A Laptop (8th Gen Core i5/ 8GB/ 128GB SSD/ MacOS),Intel Core i5 8th Gen,8 GB LPDDR3 RAM,NO,128 GB SSD,Intel Iris Plus Graphics 645,"13.3 inches, 2560 x 1600 pixels",Mac Mojave OS,"1,09,000",https://cdn1.smartprix.com/rx-iXW9wX0Qo-w103-h125/apple-macbook-pro-mu.jpg
Apple MacBook MRQP2HN Ultrabook (7th Gen Core i5/ 8GB/ 512GB SSD/ MacOS Mojave),Intel Core i5 7th Gen,8 GB LPDDR3 RAM,NO,512 GB SSD,Intel HD 615,"12 inches, 2304 x 1440 pixels",Mac OS,"1,09,000",https://cdn1.smartprix.com/rx-iw4DjJ3Oh-w103-h125/apple-macbook-mrqp2h.jpg
Apple MacBook Pro MPXT2HN Laptop (7th Gen Ci5/ 8GB/ 256GB SSD/ Mac OS),Intel Core i5 7th Gen,8 GB DDR3 RAM,NO,256 GB SSD,Intel Integrated Iris Pluss 640,"13.3 inches, 2560 x 1600 pixels",Mac OS,"1,10,000",https://cdn1.smartprix.com/rx-insUtsQ1C-w103-h125/apple-macbook-pro-mp.jpg
Apple Macbook 12inch MJY42HN/A Notebook (5th Gen Intel Dual Core/ 8GB/ 512GB SSD/ Mac OS X Yosemite),Intel Core,8 GB DDR3 RAM,512 GB Hard Disk,NO,Intel HD Graphics 5300,"12 inches, 2304 x 1440 pixels",Mac OS,"1,10,000",https://cdn1.smartprix.com/rx-iT4jSL3BF-w103-h125/apple-macbook-12inch.jpg
Apple MacBook Air 2020 Laptop (10th Gen Core i7/ 8GB/ 512GB/ MacOS),Intel Core i7 10th Gen,8 GB LPDDR4X RAM,NO,512 GB SSD,Intel Iris Plus,"13.3 inches, 2560 x 1600 pixels","Mac 10.15.3	 OS"," 1,10,000 ",https://cdn1.smartprix.com/rx-i8KGGvrKH-w103-h125/apple-macbook-air-20.webp
Apple MacBook Air MVFN2HN Laptop (8th Gen Core i5/ 8GB/ 256GB SSD/ Mac OS Mojave),Intel Core i5 8th Gen,8 GB DDR3 RAM,NO,256 GB SSD,Intel Integrated UHD 617,"13.3 inches, 2560 x 1600 pixels",Mac OS,"1,11,000",https://cdn1.smartprix.com/rx-i0O3u5jTz-w103-h125/apple-macbook-air-mv.jpg
Apple MacBook Pro 13inch MLL42HN/A Laptop (Ci5/ 8GB/ 256GB SSD/ Mac OS X Sierra),Intel Core i5,8 GB DDR3 RAM,NO,256 GB SSD,Intel Iris Graphics 540,"13 inches, 2560 x 1600 pixels",Mac OS,"1,13,000",https://cdn1.smartprix.com/rx-iu9Psc3JG-w103-h125/apple-macbook-pro-13.jpg
Apple ME866HN/A Macbook Pro Laptop(Intel Core i5 /8GB/ 500 GB /Intel Iris Graph/ Mac OS),Intel 4th Gen Core i5,8 GB DDR3 RAM,500 GB Hard Disk,NO,Intel Iris Graphics,"13.3 inches, 2560 x 1600 pixels",Mac OS,"1,14,000",https://cdn1.smartprix.com/rx-i4p6KsaAw-w103-h125/apple-me866hn-a-macb.jpg
Apple MacBook Air MVFL2HN/A Notebook (8th Gen Corei5/ 8GB/ 256GB SSD/ MacOS),Intel Core i5 8th Gen,8 GB LPDDR3 RAM,NO,256 GB SSD,Intel UHD 617,"13.3 inches, 2560 x 1600 pixels",Mac Mojave OS,"1,14,000",https://cdn1.smartprix.com/rx-i73Jg5zQ2-w103-h125/apple-macbook-air-mv.jpg
Apple MacBook Pro MPXU2HN/A Laptop (7th Gen Ci5/ 8GB/ 256GB SSD/ MacOS Sierra),Intel Core i5 7th Gen,8 GB DDR3 RAM,NO,256 GB SSD,Intel Integrated Iris Pluss 640,"13.3 inches, 2560 x 1600 pixels",Mac OS,"1,15,000",https://cdn1.smartprix.com/rx-irhv9lBeY-w103-h125/apple-macbook-pro-mp.jpg
Apple MD103HN/A Macbook Pro MD103HN/A (Intel Core i7 /4GB/ 500 GB /NVIDIA GeForce GT 650M 512MB/ Mac OS),Intel 3rd Gen Core i7,4 GB DDR3 RAM,500 GB Hard Disk,NO,512 MB NVIDIA Graphics Card,15 inches,Mac OS,"1,16,000",https://cdn1.smartprix.com/rx-iy8PXV5nt-w103-h125/apple-md103hn-a-macb.jpg
Apple MacBook Pro MUHR2HN/A Laptop (8th Gen Core i5/ 8GB/ 256GB SSD/ Mac OS Mojave),Intel Core i5 8th Gen,8 GB DDR3 RAM,NO,256 GB SSD,Intel Integrated Iris Plus 645,"13.3 inches, 2560 x 1600 pixels",Mac  Mojave OS,"1,19,000",https://cdn1.smartprix.com/rx-ixVGNzOJG-w103-h125/apple-macbook-pro-mu.jpg
Apple MacBook Pro MUHP2HN Laptop (8th Gen Core i5/ 8GB/ 256GB SSD/ Mac OS Mojave),Intel Core i5 8th Gen,8 GB DDR3 RAM,NO,256 GB SSD,Intel Integrated Iris Plus 645,"13.3 inches, 2560 x 1600 pixels",Mac Mojave OS,"1,19,000",https://cdn1.smartprix.com/rx-iyl5ABn25-w103-h125/apple-macbook-pro-mu.jpg
Apple MacBook Pro 15 inch MD103HN/A Laptop (2nd Gen Ci7/ 4GB/ 500GB/ Mac OS X Lion/ 512MB Graph),Intel Core i7 2nd Gen,4 GB DDR3 RAM,500 GB Hard Disk,NO,512 MB NVIDIA Graphics Card,15 inches,Mac OS,"1,20,000",https://cdn1.smartprix.com/rx-icMxDeCL2-w103-h125/apple-macbook-pro-15.jpg
Apple MacBook Pro 15 inch ME293HN/A Laptop (4th Gen Ci7/ 8GB/ 256GB/ Mac OS X Mavericks/ Retina Display),Intel Core i7 4th Gen,8 GB DDR3 RAM,256 GB Hard Disk,NO,Iris Pro Graphics,"15.4 inches, 2880 x 1800 pixels",Mac OS,"1,22,000",https://cdn1.smartprix.com/rx-i8qqaLnKc-w103-h125/apple-macbook-pro-15.jpg
Apple MacBook Pro 2020 Laptop (10th Gen Core i5/ 8GB/ 256GB SSD/ Mac OS Mojave),Intel Core i5 10th Gen,8 GB DDR3 RAM,NO,256 GB SSD,Intel Integrated Iris Plus 645,"13.3 inches, 2560 x 1600 pixels",Mac Mojave OS,"1,23,000",https://cdn1.smartprix.com/rx-iAyRToVMa-w103-h125/apple-macbook-pro-20.webp
Apple MacBook Pro 13inch MF841HN/A Laptop (Ci5/ 8GB/ 512GB SSD/ Mac OS X Yosemite),Intel Core i5,8 GB DDR3 RAM,NO,NO,Intel Iris Graphics 6100,"13.17 inches, 2560 x 1600 pixels",Mac OS,"1,23,000",https://cdn1.smartprix.com/rx-imTCarPZq-w103-h125/apple-macbook-pro-13.jpg
Apple MacBook Pro MXK62HN Laptop (8th Gen Core i5/ 8GB/ 256GB SSD/ Mac OS Catalina),Intel Core i5 8th Gen,8 GB LPDDR3 RAM,NO,256 GB SSD,Intel Integrated Iris Plus 645,"13 inches, 2560 x 1600 pixels",Mac OS," 1,23,000 ",https://cdn1.smartprix.com/rx-inZB5A7QT-w103-h125/apple-macbook-pro-mx.webp
Apple MacBook MNYL2HN/A Ultrabook (7th Gen Ci5/ 8GB/ 512GB SSD/ MacOS Sierra),Intel Core i5 7th Gen,8 GB LPDDR3 RAM,NO,512 GB SSD,Intel HD 615,"12 inches, 2304 x 1440 pixels",Mac OS," 1,23,000 ",https://cdn1.smartprix.com/rx-igCBp6mQk-w103-h125/apple-macbook-mnyl2h.jpg
Apple MacBook Air MVH42HN Laptop (10th Gen Core i5/ 8GB/ 512GB SSD/ Mac OS Catalina),Intel Core i5 10th Gen,8 GB LPDDR4X RAM,NO,512 GB SSD,Intel Integrated Iris Plus,"13.3 inches, 2560 x 1600 pixels",Mac OS," 1,23,000 ",https://cdn1.smartprix.com/rx-iBuoP1PEQ-w103-h125/apple-macbook-air-mv.jpg
Apple MacBook Pro 15 inch MGXA2HN/A Notebook (Ci7/ 16GB/ 256GB SSD/ Mac OS X Mavericks/ Retina Display),Intel 4th Gen Core i7,16 GB DDR3 RAM,NO,NO,Intel Iris Pro Graphics,"15.4 inches, 2880 x 1800 pixels",Mac OS,"1,25,000",https://cdn1.smartprix.com/rx-i98Cnt74L-w103-h125/apple-macbook-pro-15.jpg
Apple MacBook Pro 13inch MLVP2HN/A Laptop (Ci5/ 8GB/ 256GB SSD/ Mac OS X Sierra),Intel Core i5,8 GB DDR3 RAM,NO,256 GB SSD,Intel Iris Graphics 550,"13 inches, 2560 x 1600 pixels",Mac OS,"1,25,000",https://cdn1.smartprix.com/rx-ijQ7YPwU1-w103-h125/apple-macbook-pro-13.jpg
Apple MacBook Pro 13inch MNQF2HN/A Notebook (Ci5/ 8GB/ 512GB SSD/ Mac OS Sierra),Intel Core i5,8 GB DDR3 RAM,NO,512 GB SSD,Intel Iris Graphics 550,"13 inches, 2560 x 1600 pixels",Mac OS,"1,28,000",https://cdn1.smartprix.com/rx-iY9kNV769-w103-h125/apple-macbook-pro-13.jpg
Apple MacBook Air MREF2HN Laptop (8th Gen Ci5/ 8GB/ 256GB/ MacOS),Intel Core i5 8th Gen,8 GB LPDDR3 RAM,NO,256 GB SSD,Intel UHD Graphics 617,"13.3 inches, 2560 x 1600 pixels",Mac OS," 1,28,000 ",https://cdn1.smartprix.com/rx-iFVhjozkc-w103-h125/apple-macbook-air-mr.jpg
Apple MacBook Air MRE92HN Ultrabook (8th Gen Ci5/ 8GB/ 256GB SSD/ Mac OS),Intel Core i5 8th Gen,8 GB LPDDR3 RAM,NO,256 GB SSD,Intel UHD 617,"13.3 inches, 2560 x 1600 pixels",Mac OS," 1,28,000 ",https://cdn1.smartprix.com/rx-iaeA8OQMV-w103-h125/apple-macbook-air-mr.jpg
Apple MacBook MNYG2HN/A (7th Gen Ci5/ 8GB/ 512GB SSD/ Mac OS Sierra),Intel Core i5 7th Gen,8 GB DDR3 RAM,NO,512 GB SSD,Intel Integrated HD 615,"12 inches, 2304 x 1440 pixels",Mac OS,"1,29,000",https://cdn1.smartprix.com/rx-ia8fK8IQf-w103-h125/apple-macbook-mnyg2h.jpg
Apple MacBook Pro MR9Q2HN/A Laptop (Core i5/ 8GB/ 256GB SSD/ MacOS High Sierra),Intel Core i5 8th Gen,8 GB DDR3 RAM,NO,256 GB SSD,Intel Integrated Iris Plus 655,"13.3 inches, 2560 x 1600 pixels",Mac OS,"1,30,000",https://cdn1.smartprix.com/rx-iabZOeHIo-w103-h125/apple-macbook-pro-mr.jpg
Apple MacBook Pro 13inch MNQG2HN/A Notebook (Ci5/ 8GB/ 512GB SSD/ Mac OS Sierra),Intel Core i5 5th Gen,,NO,512 GB SSD,Intel Iris 550,"13 inches, 2560 x 1600 pixels, Touch Screen",Mac OS,"1,32,000",https://cdn1.smartprix.com/rx-iishmxxDn-w103-h125/apple-macbook-pro-13.jpg
Apple MacBook Pro 13 inch ME866HN/A Laptop (4th Gen Ci5/ 8GB/ 500GB/ Mac OS X Mavericks/ Retina Display),Intel Core i5 4th Gen,8 GB DDR3 RAM,500 GB Hard Disk,NO,Intel Iris Graphics,"13.3 inches, 2560 x 1600 pixels",Mac OS,"1,35,000",https://cdn1.smartprix.com/rx-ivn8IqTGR-w103-h125/apple-macbook-pro-13.jpg
Apple MacBook Pro MV992HN Laptop (8th Gen Core i5/ 8GB/ 256GB SSD/ Mac OS Mojave),Intel Core i5 8th Gen,8 GB DDR3 RAM,NO,256 GB SSD,Intel Integrated Iris Plus 655,"13.3 inches, 2560 x 1600 pixels",Mac OS,"1,36,000",https://cdn1.smartprix.com/rx-iRjM53ekz-w103-h125/apple-macbook-pro-mv.jpg
Apple Macbook pro MPXV2HN/A Laptop (7th Gen Ci5/ 8GB/ 256GB SSD/ Mac OS),Intel Core i5 7th Gen,8 GB DDR3 RAM,NO,256 GB SSD,Intel Integrated HD Graphics 640,"13.3 inches, 2560 x 1600 pixels",Mac OS,"1,38,000",https://cdn1.smartprix.com/rx-iaNi1bmp9-w103-h125/apple-macbook-pro-mp.jpg
Apple MacBook Pro 15 inch ME664HN/A Laptop (3rd Gen Ci7/ 8GB/ 256GB Flash/ Mac OS X Mountain Lion/ 1GB Graph/ Retina Display),Intel Core i7 3rd Gen,8 GB DDR3 RAM,256 GB Hard Disk,NO,1 GB NVIDIA Graphics Card,"15 inches, 2880 x 1800 pixels",Mac OS,"1,38,000",https://cdn1.smartprix.com/rx-igAC4gwVv-w103-h125/apple-macbook-pro-15.jpg
Apple Macbook Pro MR9U2HN/A Laptop (8th Gen Ci5/ 8GB/ 256GB SSD/ Mac OS Mojave),Intel Core i5 8th Gen,8 GB DDR3 RAM,NO,256 GB SSD,Intel Integrated Iris Plus 655,"13.3 inches, 2560 x 1600 pixels",Mac OS,"1,40,000",https://cdn1.smartprix.com/rx-ih7WJBuVb-w103-h125/apple-macbook-pro-mr.jpg
Apple MacBook MNYJ2HN/A Laptop (7th Gen Ci5/ 8GB/ 512GB SSD/ Mac OS Sierra),Intel Core i5 7th Gen,8 GB DDR3 RAM,NO,512 GB SSD,Intel Integrated HD 615,"12 inches, 2304 x 1440 pixels",Mac OS,"1,40,000",https://cdn1.smartprix.com/rx-iKvS4BSCS-w103-h125/apple-macbook-mnyj2h.jpg
Apple MacBook Pro MJLQ2HN/A Notebook (Ci7/ 16GB/ 256GB/ OS X Yosemite),2.2 GHz Intel Core i7,16 GB DDR3 RAM,256 GB Hard Disk,NO,Intel Iris Pro Graphics,"15 inches, 2880 x 1800 pixels",Mac OS,"1,42,000",https://cdn1.smartprix.com/rx-iExrR0gvn-w103-h125/apple-macbook-pro-mj.jpg
Apple MacBook Pro MXK52HN Laptop (8th Gen Core i5/ 8GB/ 512GB SSD/ Mac OS Catalina),Intel Core i5 8th Gen,8 GB LPDDR3 RAM,NO,512 GB SSD,Intel Integrated Iris Plus 645,"13 inches, 2560 x 1600 pixels",Mac OS," 1,42,000 ",https://cdn1.smartprix.com/rx-ie2rqlJ1p-w103-h125/apple-macbook-pro-mx.webp
Apple MacBook Pro MLH32HN/A Notebook (Ci7/ 16GB/ 256GB SSD/ Mac OS Sierra/ 2GB Graph),Intel Core i7,16 GB DDR3 RAM,NO,256 GB SSD,2 GB  Graphics Card,"15 inches, 2880 x 1800 pixels",Mac OS,"1,45,000",https://cdn1.smartprix.com/rx-i7XLmwokP-w103-h125/apple-macbook-pro-ml.jpg
Apple MacBook Pro MPTV2HN/A Notebook (Ci7/ 16GB/ 512GB SSD/ Mac OS Sierra/ 2GB Graph),Intel Core i7 7th Gen,16 GB DDR3 RAM,NO,512 GB SSD,2 GB Intel Graphics Card,"15.4 inches, 2800 x 1800 pixels",Mac OS,"1,47,000",https://cdn1.smartprix.com/rx-iBmDKOiPD-w103-h125/apple-macbook-pro-mp.jpg
Apple Macbook Pro MPXX2HN/A Notebook (Ci5/ 8GB/ 256GB/ Mac OS Sierra),Intel Core i5 7th Gen,8 GB LPDDR3 RAM,NO,256 GB SSD,Intel Iris Plus Graphics 650,"13.3 inches, 2560 x 1600 pixels",Mac OS," 1,47,000 ",https://cdn1.smartprix.com/rx-isuvi5h8P-w103-h125/apple-macbook-pro-mp.jpg
Apple MacBook Pro MR9R2HN Ultrabook (8th Gen Ci5/ 8GB/ 512GB SSD/ MacOS),Intel Core i5 8th Gen,8 GB LPDDR3 RAM,NO,512 GB SSD,Intel Iris Plus Graphics 655,"13.3 inches, 2560 x 1600 pixels",Mac OS,"1,48,000",https://cdn1.smartprix.com/rx-iwqZF6zWr-w103-h125/apple-macbook-pro-mr.jpg
Apple MacBook Pro MV902HN Laptop (8th Gen Core i7/ 16GB/ 256GB SSD/ Mac OS Mojave/ 4GB Graph),Intel Core i7 8th Gen,16 GB DDR3 RAM,NO,256 GB SSD,4 GB AMD Graphics Card,"15.4 inches, 2880 x 1800 pixels",Mac OS,"1,50,000",https://cdn1.smartprix.com/rx-ishsP0sL9-w103-h125/apple-macbook-pro-mv.jpg
Apple Macbook Pro MLH12HN/A Notebook (Ci5/ 8GB/ 256GB SSD/ Mac OS Sierra),Intel Core i5,8 GB DDR3 RAM,NO,256 GB SSD,Intel Iris Graphics 550,"13 inches, 2560 x 1600 pixels",Mac OS,"1,53,000",https://cdn1.smartprix.com/rx-iCG2dhfnD-w103-h125/apple-macbook-pro-ml.jpg
Apple MacBook Pro MPXW2HN/A Laptop (Ci5/ 8GB/ 512GB SSD/ Mac OS),Intel Core i5 7th Gen,8 GB DDR3 RAM,NO,512 GB SSD,Intel Integrated Iris Plus Graphics 640,"13.3 inches, 2560 x 1600 pixels",Mac OS,"1,54,000",https://cdn1.smartprix.com/rx-iFlPd0ttT-w103-h125/apple-macbook-pro-mp.jpg
Apple MacBook Pro MLW72HN/A Notebook (3rd Gen Ci7/ 16GB/ 256 SSD/ Mac OS X El Capitan/ 2GB Graph),Intel Core i7,16 GB DDR3 RAM,NO,256 GB SSD,2 GB  Graphics Card,"15 inches, 2880 x 1800 pixels",Mac OS,"1,55,000",https://cdn1.smartprix.com/rx-inulJJCU4-w103-h125/apple-macbook-pro-ml.jpg
Apple Macbook Pro MV962HN Laptop (8th Gen Ci5/ 8GB/ 256GB SSD/ Mac OS Mojave),Intel Core i5 8th Gen,8 GB DDR3 RAM,NO,256 GB SSD,Intel Integrated Iris Plus 655,"13.3 inches, 2560 x 1600 pixels",Mac OS,"1,55,000",https://cdn1.smartprix.com/rx-i3ONXVkG8-w103-h125/apple-macbook-pro-mv.webp
Apple MacBook Pro 15 inch MGXC2HN/A Notebook (Ci7/ 16GB/ 512GB SSD/ Mac OS X Mavericks/ 2GB Graph/ Retina Display),Intel 4th Gen Core i7,16 GB DDR3 RAM,NO,512 GB SSD,2 GB NVIDIA Graphics Card,"15.25 inches, 2880 x 1800 pixels",Mac OS,"1,57,000",https://cdn1.smartprix.com/rx-iVq3QTRcn-w103-h125/apple-macbook-pro-15.jpg
Apple MacBook Pro 15 inch MC976HN/A Laptop (2nd Gen Ci7/ 8GB/ 500GB/ Mac OS X Lion/ Retina Display),Intel Core i7 2nd Gen,8 GB DDR3 RAM,512 GB Hard Disk,NO,Intel HD Graphics 4000,"15 inches, 1440 x 900 pixels",Mac OS,"1,60,000",https://cdn1.smartprix.com/rx-iN3PrH6Ix-w103-h125/apple-macbook-pro-15.jpg
Apple Macbook Pro (Intel Core i7/16GB/ 512 GB /Intel Iris Pro Graphics NVIDIA GE Force GT750M 2GB/ Mac OS),Intel Core i7 4th Gen,16 GB DDR3 RAM,512 GB Hard Disk,NO,2 GB NVIDIA Graphics Card,"15.4 inches, 2880 x 1800 pixels",Mac OS,"1,62,000",https://cdn1.smartprix.com/rx-itgro3nng-w103-h125/apple-macbook-pro-in.jpg
Apple MacBook Pro MWP72HN Laptop (10th Gen Core i5/ 16GB/ 512GB SSD/ Mac OS Catalina),Intel Core i5 10th Gen,16 GB LPDDR4X RAM,NO,512 GB SSD,Intel Integrated Iris Plus,"13 inches, 2560 x 1600 pixels",Mac OS,"1,64,000",https://cdn1.smartprix.com/rx-iiGCxEFPw-w103-h125/apple-macbook-pro-mw.webp
Apple MacBook Pro MV9A2HN Laptop (8th Gen Core i5/ 8GB/ 512GB SSD/ Mac OS Mojave),Intel Core i5 8th Gen,8 GB DDR3 RAM,NO,512 GB SSD,Intel Integrated Iris Plus 655,"13.3 inches, 2560 x 1600 pixels",Mac OS,"1,66,000",https://cdn1.smartprix.com/rx-iqVU1XIdC-w103-h125/apple-macbook-pro-mv.jpg
Apple MacBook Pro 2018 13-inch Laptop (Core i7/ 8GB/ 256GB SSD/ MacOS High Sierra),Core i7,8 GB DDR3 RAM,NO,256 GB SSD,Intel Iris Plus Graphics 640,"13.3 inches, 1600 x 2560 pixels",Mac High Sierra OS,"1,66,000",https://cdn1.smartprix.com/rx-iFvGFN9rz-w103-h125/apple-macbook-pro-20.jpg
Apple MacBook Pro MR9V2HN/A Ultrabook (8th Gen Core i5/ 8GB/ 512GB SSD/ macOS),Intel Core i5 8th Gen,8 GB LPDDR3 RAM,NO,512 GB SSD,Intel Iris Plus Graphics 655,"13.3 inches, 2560 x 1600 pixels",Mac OS," 1,66,000 ",https://cdn1.smartprix.com/rx-ip4qtfA8U-w103-h125/apple-macbook-pro-mr.jpg
Apple MacBook Pro MV972HN Laptop (8th Gen Core i5/ 8GB/ 512GB SSD/ Mac OS Mojave),Intel Core i5 8th Gen,8 GB DDR3 RAM,NO,512 GB SSD,Intel Integrated Iris Plus 655,"13.3 inches, 2560 x 1600 pixels",Mac OS,"1,70,000",https://cdn1.smartprix.com/rx-iH72cUbkg-w103-h125/apple-macbook-pro-mv.jpg
Apple MacBook Pro 16 Laptop (9th Gen Core i7/ 16GB/ 1TB SSD/ MacOS/ 4GB Graph),Intel Core i7 9th Gen,16 GB DDR4 RAM,NO,1 TB SSD,4 GB AMD Graphics Card,"16 inches, 3072 x 1920 pixels",Mac Catalina OS,"1,73,000",https://cdn1.smartprix.com/rx-iEfv2P2Oc-w103-h125/apple-macbook-pro-16.webp
Apple MacBook Pro 15 inch ME294HN/A Laptop (4th Gen Ci7/ 16GB/ 512GB/ Mac OS X Mavericks/ 2GB Graph/ Retina Display),Intel Core i7 4th Gen,16 GB DDR3 RAM,512 GB Hard Disk,NO,2 GB NVIDIA Graphics Card,"15.4 inches, 2880 x 1800 pixels",Mac OS,"1,76,000",https://cdn1.smartprix.com/rx-i5GoW4KeD-w103-h125/apple-macbook-pro-15.jpg
Apple Macbook pro MPTR2HN/A Laptop (Ci7/ 16Gb/ 256GB SSD/ Mac OS/ 2GB Graph),Intel Core i7 7th Gen,16 GB DDR3 RAM,NO,256 GB SSD,2 GB Intel Graphics Card,"15.4 inches, 2800 x 1800 pixels",Mac OS,"1,79,000",https://cdn1.smartprix.com/rx-ifcwHXAmz-w103-h125/apple-macbook-pro-mp.jpg
Apple MacBook Pro 15 inch ME665HN/A Laptop (3rd Gen Ci7/ 16GB/ 512GB Flash/ Mac OS X Mountain Lion/ 1GB Graph/ Retina Display),Intel Core i7 2nd Gen,16 GB DDR3 RAM,512 GB Hard Disk,NO,1 GB NVIDIA Graphics Card,"15 inches, 2880 x 1800 pixels",Mac OS,"1,80,000",https://cdn1.smartprix.com/rx-iCgDynLaQ-w103-h125/apple-macbook-pro-15.jpg
Apple MacBook Pro MLW82HN/A Notebook (3rd Gen Ci7/ 16GB/ 512GB SSD/ Mac OS X El Capitan/ 2GB Graph),Intel Core i7,16 GB DDR3 RAM,NO,512 GB SSD,2 GB  Graphics Card,"15 inches, 2880 x 1800 pixels",Mac OS,"1,87,000",https://cdn1.smartprix.com/rx-iloCXBjmi-w103-h125/apple-macbook-pro-ml.jpg
Apple MacBook Pro MVVJ2HN/A Laptop (9th Gen Core i7/ 16GB/ 512GB SSD/ Mac OS Catalina/ 4GB Graph),Intel Core i7 9th Gen,16 GB DDR4 RAM,NO,512 GB SSD,4 GB AMD Graphics Card,"16 inches, 3072 x 1920 pixels",Mac OS,"1,87,000",https://cdn1.smartprix.com/rx-ihWhajUkt-w103-h125/apple-macbook-pro-mv.webp
Apple MacBook Pro MV922HN Laptop (8th Gen Core i7/ 16GB/ 256GB SSD/ Mac OS Mojave/ 4GB Graph),Intel Core i7 8th Gen,16 GB DDR3 RAM,NO,256 GB SSD,4 GB AMD Graphics Card,"15.4 inches, 2880 x 1800 pixels",Mac OS,"1,90,000",https://cdn1.smartprix.com/rx-i1Nq82l1G-w103-h125/apple-macbook-pro-mv.jpg
Apple MacBook Pro MWP82HN Laptop (10th Gen Core i5/ 16GB/ 1TB SSD/ Mac OS Catalina),Intel Core i5 10th Gen,16 GB LPDDR4X RAM,NO,1 TB SSD,Intel Integrated Iris Plus,"13 inches, 2560 x 1600 pixels",Mac OS,"1,90,000",https://cdn1.smartprix.com/rx-i76G8DDaV-w103-h125/apple-macbook-pro-mw.webp
Apple MacBook Pro 15 inch MV922HN/A (9th Gen Core i7/ 4GB/ 256GB SSD/ Mac OS),Intel Core i7 9th Gen,16 GB DDR4 RAM,NO,256 GB SSD,4 GB AMD Graphics Card,"15.4 inches, 2880 x 1800 pixels",Mac Mojave OS,"1,92,000",https://cdn1.smartprix.com/rx-ipUI2QFEX-w103-h125/apple-macbook-pro-15.jpg
Apple MacBook Pro MPTU2HN/A Laptop (Ci7/ 16GB/ 256GB SSD/ Mac OS/ 2GB Graph),Intel Core i7 7th Gen,16 GB DDR3 RAM,NO,256 GB SSD,2 GB Intel Graphics Card,"15.4 inches, 2800 x 1800 pixels",Mac OS,"1,95,000",https://cdn1.smartprix.com/rx-ivlQEHYoo-w103-h125/apple-macbook-pro-mp.jpg
Apple MacBook Pro MLH42HN/A Notebook (Ci7/ 16GB/ 512GB SSD/ Mac OS Sierra/ 2GB Graph),Intel Core i7,16 GB DDR3 RAM,NO,512 GB SSD,2 GB  Graphics Card,"15 inches, 2880 x 1800 pixels",Mac OS,"2,00,000",https://cdn1.smartprix.com/rx-imvDEUBIn-w103-h125/apple-macbook-pro-ml.jpg
Apple MacBook Pro 2018 13-inch Touch Bar Laptop (Core i7/ 8GB/ 512GB SSD/ MacOS High Sierra),Core i7,8 GB DDR3 RAM,NO,512 GB SSD,Intel Iris Plus Graphics 655,"13.3 inches, 1600 x 2560 pixels",Mac High Sierra OS,"2,00,000",https://cdn1.smartprix.com/rx-ijriMoqNa-w103-h125/apple-macbook-pro-20.jpg
Apple MacBook Pro 16 Laptop (9th Gen Core i9/ 32GB/ 2TB SSD/ MacOS/ 4GB Graph),Intel Core i9 9th Gen,32 GB DDR4 RAM,NO,2 TB SSD,4 GB AMD Graphics Card,"16 inches, 3072 x 1920 pixels",Mac Catalina OS,"2,01,000",https://cdn1.smartprix.com/rx-igjPi6GNE-w103-h125/apple-macbook-pro-16.webp
Apple MacBook Pro MR932HN/A Touch Bar Laptop (8th Gen Ci7/ 16GB/ 256GB SSD/ Mac OS Mojave),Intel Core i7 8th Gen,16 GB DDR4 RAM,NO,256 GB SSD,4 GB AMD Graphics Card,"15.4 inches, 2880 x 1800 pixels",Mac OS,"2,08,000",https://cdn1.smartprix.com/rx-ig65biT6R-w103-h125/apple-macbook-pro-mr.jpg
Apple MacBook Pro MV912HN Laptop (8th Gen Core i9/ 16GB/ 512GB SSD/ Mac OS Mojave/ 4GB Graph),Intel Core i9 8th Gen,16 GB DDR3 RAM,NO,512 GB SSD,4 GB AMD Graphics Card,"15.4 inches, 2880 x 1800 pixels",Mac OS,"2,10,000",https://cdn1.smartprix.com/rx-ijJlVEfLN-w103-h125/apple-macbook-pro-mv.webp
Apple MacBook Pro MR952HN/A Ultrabook (8th Gen Core i9/ 32GB/ 1TB SSD/ macOS High Sierra/ 4GB Graph),Intel Core i9 8th Gen,32 GB DDR4 RAM,NO,1 TB SSD,4 GB  Graphics Card,"15.4 inches, 2880 x 1800 pixels",Mac OS,"2,10,000",https://cdn1.smartprix.com/rx-iL5hye55q-w103-h125/apple-macbook-pro-mr.webp
Apple MacBook Pro MR962HN/A Ultrabook (8th Gen Ci7/ 16 B/ 256GB SSD/ MacOS High Sierra/ 4GB Graph),Intel Core i7 8th Gen,16 GB DDR4 RAM,NO,256 GB SSD,4 GB  Graphics Card,"15.4 inches, 2880 x 1800 pixels",Backlit Keyboard,"2,16,000",https://cdn1.smartprix.com/rx-ik5OGo9LJ-w103-h125/apple-macbook-pro-mr.jpg
Apple MacBook Pro MPTT2HN/A Laptop (Ci7/ 16GB/ 512GB SSD/ Mac OS/ 4GB Graph),Intel Core i7 7th Gen,16 GB DDR3 RAM,NO,512 GB SSD,4 GB AMD Graphics Card,"15.4 inches, 2800 x 1800 pixels",Mac OS,"2,17,000",https://cdn1.smartprix.com/rx-iTdIPf0x4-w103-h125/apple-macbook-pro-mp.jpg
Apple MacBook Pro MV932HN Laptop (8th Gen Core i9/ 16GB/ 512GB SSD/ Mac OS Mojave/ 4GB Graph),Intel Core i9 8th Gen,16 GB DDR3 RAM,NO,512 GB SSD,4 GB AMD Graphics Card,"15.4 inches, 2880 x 1800 pixels",Mac OS,"2,25,000",https://cdn1.smartprix.com/rx-iwo1fv5wc-w103-h125/apple-macbook-pro-mv.jpg
Apple MacBook Pro MVVM2HN/A Laptop (9th Gen Core i9/ 16GB/ 1TB SSD/ Mac OS Catalina/ 4GB Graph),Intel Core i9 9th Gen,16 GB DDR4 RAM,NO,1 TB SSD,4 GB AMD Graphics Card,"16 inches, 3072 x 1920 pixels",Mac OS,"2,25,000",https://cdn1.smartprix.com/rx-i3Wob9L3P-w103-h125/apple-macbook-pro-mv.webp
Apple MacBook Pro MVVK2HN/A Laptop (9th Gen Core i9/ 16GB/ 1TB SSD/ Mac OS Catalina/ 4GB Graph),Intel Core i9 9th Gen,16 GB DDR4 RAM,NO,1 TB SSD,4 GB AMD Graphics Card,"16 inches, 3072 x 1920 pixels",Mac OS,"2,25,000",https://cdn1.smartprix.com/rx-iV7hO062E-w103-h125/apple-macbook-pro-mv.webp
Apple MacBook Pro MR942HN/A Touch Bar Laptop (8th Gen Ci7/ 16GB/ 512GB SSD/ Mac OS Mojave/ 4GB Graph),Intel Core i7 8th Gen,16 GB DDR4 RAM,NO,512 GB SSD,4 GB AMD Graphics Card,"15.4 inches, 2880 x 1800 pixels",Mac OS,"2,32,000",https://cdn1.smartprix.com/rx-iXM40mxX4-w103-h125/apple-macbook-pro-mr.jpg
Apple MacBook Pro MR972HN Ultrabook (8th Gen Ci7/ 16GB/ 512GB SSD/ MacOS High Sierra/ 4GB Graph),Intel Core i7 8th Gen,16 GB DDR4 RAM,NO,512 GB SSD,4 GB  Graphics Card,"15.4 inches, 2880 x 1800 pixels",Backlit Keyboard,"2,62,000",https://cdn1.smartprix.com/rx-iHrmeDSQa-w103-h125/apple-macbook-pro-mr.jpg
APPLE MAC PRO MD878HN/A 6( CORE XEON E5 /16GB/256GB /3GB/MAC OS),Intel Xeon E5,16 GB  RAM,256 GB Hard Disk,NO,AMD FirePro D500,MacOS Sierra OS,Mac OS,"3,00,000",https://cdn1.smartprix.com/rx-iisG0pxoJ-w103-h125/apple-mac-pro-md878h.jpg
